name,cfp_link,submission_due,author_notif,conf_start,conf_end,conf_loc,notes
ApSys 2024,https://apsys2024.github.io/cfp/,2024.05.02,2024.07.01,2024.09.04,Kyoto JP,
HotStorage 2025,https://www.hotstorage.org/2025/,2025.03.27,2025.05.16,2025.07.10,Boston MA,
ATC 2022,https://www.usenix.org/conference/atc22/call-for-papers,2022.01.13,2022.04.29,2022.07.11,Carlsbad CA,
ATC 2023,https://www.usenix.org/conference/atc23/call-for-papers,2023.01.12,2023.04.28,2023.07.10,Boston MA,
ATC 2024,https://www.usenix.org/conference/atc24/call-for-papers,2024.01.16,2024.04.30,2024.07.10,Santa Clara CA,
ATC 2025,https://www.usenix.org/conference/atc25/call-for-papers,2025.01.14,2025.04.25,2025.07.07,Boston MA,
OSDI 2022,https://www.usenix.org/conference/osdi22/call-for-papers,2021.12.14,2022.03.25,2022.07.11,Carlsbad CA,
OSDI 2023,https://www.usenix.org/conference/osdi23/call-for-papers,2022.12.13,2023.03.23,2023.07.10,Boston MA,
OSDI 2024,https://www.usenix.org/conference/osdi24/call-for-papers,2023.12.07,2024.03.21,2024.07.10,Santa Clara CA,
OSDI 2025,https://www.usenix.org/conference/osdi25/call-for-papers,2024.12.10,2025.03.25,2025.07.07,Boston MA,
FAST 2022,https://www.usenix.org/conference/fast22/call-for-papers,2021.09.23,2021.12.10,2022.02.22,Santa Clara CA,
FAST 2023,https://www.usenix.org/conference/fast23/call-for-papers,2022.09.22,2022.12.09,2023.02.21,Santa Clara CA,
FAST 2024,https://www.usenix.org/conference/fast24/call-for-papers,2023.09.21,2023.12.08,2024.02.27,Santa Clara CA,
FAST 2025,https://www.usenix.org/conference/fast25/call-for-papers,2024.09.17,2024.12.06,2025.02.25,Santa Clara CA,
FAST 2026 (Spring deadline),https://www.usenix.org/conference/fast26/call-for-papers,2025.03.18,2025.06.05,2026.02.24,Santa Clara CA,
FAST 2026 (Fall deadline),https://www.usenix.org/conference/fast26/call-for-papers,2025.09.16,2025.12.08,2026.02.24,Santa Clara CA,
SOSP 2023,https://sosp2023.mpi-sws.org/cfp.html,2023.04.17,2023.07.06,2023.10.23,Koblenz DE,
SOSP 2024,https://sigops.org/s/conferences/sosp/2024/cfp.html,2024.04.19,2024.08.05,2024.11.04,Austin TX,
SOSP 2025,https://sigops.org/s/conferences/sosp/2025/cfp.html,2025.04.17,2025.07.01,2025.10.13,Seoul KR,
EuroSys 2022,https://2022.eurosys.org/index.html@p=138.html,2021.10.09,2022.01.20,2022.04.05,Rennes FR,
EuroSys 2023 (Spring deadline),https://2023.eurosys.org/cfp.html#cfp,2022.05.18,2022.08.10,2023.05.08,Rome IT,
EuroSys 2023 (Fall deadline),https://2023.eurosys.org/cfp.html#cfp,2022.10.19,2023.01.18,2023.05.08,Rome IT,
EuroSys 2024 (Spring deadline),https://2024.eurosys.org/cfp.html,2023.05.24,2023.09.12,2024.04.22,Athens GR,
EuroSys 2024 (Fall deadline),https://2024.eurosys.org/cfp.html,2023.10.19,2024.02.07,2024.04.22,Athens GR,
EuroSys 2025 (Spring deadline),https://2025.eurosys.org/cfp.html,2024.05.21,2024.08.21,2025.03.30,Rotterdam NL,
EuroSys 2025 (Fall deadline),https://2025.eurosys.org/cfp.html,2024.10.22,2025.01.25,2025.03.30,Rotterdam NL,
ASPLOS 2022,https://www.asplos-conference.org/asplos2022/index.html%3Fp=14.html,2021.08.13,2021.11.15,2022.02.28,Lausanne CH,
ASPLOS 2023 (Spring cycle),https://www.asplos-conference.org/asplos2023/index.html%3Fp=3357.html,2022.03.31,2022.06.16,2023.03.25,Vancouver CA,
ASPLOS 2023 (Summer cycle),https://www.asplos-conference.org/asplos2023/index.html%3Fp=3357.html,2022.07.07,2022.09.22,2023.03.25,Vancouver CA,
ASPLOS 2023 (Fall cycle),https://www.asplos-conference.org/asplos2023/index.html%3Fp=3357.html,2022.10.20,2023.01.19,2023.03.25,Vancouver CA,
ASPLOS 2024 (Spring cycle),https://www.asplos-conference.org/asplos2024/cfp/index.html,2023.04.20,2023.08.02,2024.04.27,San Diego CA,
ASPLOS 2024 (Summer cycle),https://www.asplos-conference.org/asplos2024/cfp/index.html,2023.08.10,2023.11.15,2024.04.27,San Diego CA,
ASPLOS 2024 (Fall cycle),https://www.asplos-conference.org/asplos2024/cfp/index.html,2023.11.30,2024.03.06,2024.04.27,San Diego CA,
ASPLOS 2025 (Spring cycle),https://www.asplos-conference.org/asplos2025/cfp/#important_dates,2024.03.01,2024.06.06,2025.03.30,Rotterdam NL,
ASPLOS 2025 (Summer cycle),https://www.asplos-conference.org/asplos2025/cfp/#important_dates,2024.06.24,2024.10.02,2025.03.30,Rotterdam NL,
ASPLOS 2025 (Fall cycle),https://www.asplos-conference.org/asplos2025/cfp/#important_dates,2024.10.18,2025.01.27,2025.03.30,Rotterdam NL,
NSDI 2022 (Spring deadline),https://www.usenix.org/conference/nsdi22/call-for-papers,2021.03.10,2021.06.11,2022.04.04,Renton WA,
NSDI 2022 (Fall deadline),https://www.usenix.org/conference/nsdi22/call-for-papers,2021.09.15,2021.12.15,2022.04.04,Renton WA,
NSDI 2023 (Spring deadline),https://www.usenix.org/conference/nsdi23/call-for-papers,2022.04.20,2022.07.15,2023.04.17,Boston MA,
NSDI 2023 (Fall deadline),https://www.usenix.org/conference/nsdi23/call-for-papers,2022.09.20,2022.12.15,2023.04.17,Boston MA,
NSDI 2024 (Spring deadline),https://www.usenix.org/conference/nsdi24/call-for-papers,2023.05.04,2023.07.21,2024.04.16,Santa Clara CA,
NSDI 2024 (Fall deadline),https://www.usenix.org/conference/nsdi24/call-for-papers,2023.09.21,2023.12.07,2024.04.16,Santa Clara CA,
NSDI 2025 (Spring deadline),https://www.usenix.org/conference/nsdi25/call-for-papers,2024.05.07,2024.07.24,2025.04.28,Philadelphia PA,
NSDI 2025 (Fall deadline),https://www.usenix.org/conference/nsdi25/call-for-papers,2024.09.19,2024.12.10,2025.04.28,Philadelphia PA,
SoCC 2022,https://acmsocc.org/2022/papers.html,2022.06.17,2022.09.05,2022.11.08,San Francisco CA,
SoCC 2023,https://acmsocc.org/2023/papers.html,2023.06.09,2023.09.01,2023.10.30,Santa Cruz CA,
SoCC 2024,https://acmsocc.org/2024/papers.html,2024.07.15,2024.09.25,2024.11.20,Redmond WA,
